recording,subject,condition,component,trials,times,q99_abs_uv,rms_uv,minimum_uv,maximum_uv,saturated_percent
S01_near,S01,near,S,140,1751,11.201105812207873,3.9004838916160005,-23.192031967702285,27.600990471314848,0.0713877784123358
S01_near,S01,near,C,140,1751,11.26429518696949,3.9215002825031675,-23.59804310862301,27.814455784699163,0.08362568328302195
S01_near,S01,near,R,140,1751,11.259627917575006,3.9083491742931082,-23.424429926606525,27.570315654592083,0.07628294036061027
S04_far,S04,far,S,137,1751,13.117773584427658,4.828348181348213,-33.38942769690024,24.313478409634392,0.10171455727071496
S04_far,S04,far,C,137,1751,13.03578275397767,4.813803080831506,-32.60318651525847,24.955083819431934,0.09296043553839933
S04_far,S04,far,R,137,1751,13.045906513674728,4.827830922069893,-32.474105466989116,25.880750555426527,0.09837965375364234
S14_near,S14,near,S,147,1751,18.862413040998906,6.823855056071768,-43.66654457407031,34.31016313575046,1.1231677136874167
S14_near,S14,near,C,147,1751,18.845885644078724,6.847676432536718,-42.41084985520301,34.19102926475751,1.1107355563584658
S14_near,S14,near,R,147,1751,18.917873475707673,6.840489412460414,-43.5035597409931,34.63388498104019,1.1387079103486055
S17_near,S17,near,S,162,1751,16.618754672567153,5.691511131851542,-41.64734566866906,43.086245527904765,0.6458390619822183
S17_near,S17,near,C,162,1751,16.601648347996232,5.677605628756962,-40.412115642360206,43.61792125423919,0.6356156270490936
S17_near,S17,near,R,162,1751,16.567884720931897,5.676090529074013,-42.31563879349442,42.93409319599763,0.6366732237663134
